Description,Price,Date
Yogurt,3,31/05/2022
Mozzarella,2.15,31/05/2022
Pesto,2.75,31/05/2022
Bread,2.9,31/05/2022
Cucumber,1.8,31/05/2022
Avocados,1.55,31/05/2022
Cherry Tomatoes,3.5,31/05/2022
Strawberries,6.5,31/05/2022
Cherry,1,31/05/2022
Bread,2.9,02/06/2022
Cherry,1,03/06/2022
Cream,1.5,03/06/2022
Sausages,2.2,03/06/2022
Eggs,3.6,03/06/2022
Cherry Tomatoes,3.5,04/06/2022
Bread,2.9,04/06/2022
Sausages,2.2,04/06/2022
Pesto,2.75,04/06/2022
Mozzarella,2.15,04/06/2022
Cherry,1,07/06/2022
Carbonated Water,1.8,07/06/2022
Water,1.8,07/06/2022
Avocados,1.55,07/06/2022
Bread,2.9,07/06/2022
Eggs,3.6,07/06/2022
Mozzarella,2.15,07/06/2022
Cream,1.5,07/06/2022
Pesto,2.75,07/06/2022
Yogurt,3,07/06/2022
Bread,2.9,09/06/2022
Cherry Tomatoes,4.5,10/06/2022
Cucumber,1.75,10/06/2022
Bread,2.9,10/06/2022
Sausages,2.2,10/06/2022
Meat,11.9,10/06/2022
Pesto,2.75,10/06/2022
Eggs,3.6,10/06/2022
Mozzarella,2.15,10/06/2022
Cherry,1,10/06/2022
Cream,1.5,10/06/2022
Cream,1.5,13/06/2022
Mozzarella,2.15,13/06/2022
Salami,3.3,13/06/2022
Cherry,1,13/06/2022
Potatoes,5.4,13/06/2022
Apples,4.5,13/06/2022
Strawberries,6.5,13/06/2022
Bread,2.9,13/06/2022
Grapes,2.55,14/06/2022
Cherry Tomatoes,4.5,14/06/2022
Peppers,4.8,14/06/2022
Pesto,2.75,14/06/2022
Cherry,1,14/06/2022
Cheese,3.2,20/06/2022
Cream,1.5,20/06/2022
Eggs,3.6,20/06/2022
Cucumber,1.75,20/06/2022
Bread,2.9,20/06/2022
Strawberries,5.8,20/06/2022
Meat,11.9,20/06/2022
Carbonated Water,1.8,22/06/2022
Bread,2.9,22/06/2022
Pesto,2.75,22/06/2022
Mozzarella,2.15,22/06/2022
Cherry,1,22/06/2022
Water,1.8,22/06/2022
Cherry Tomatoes,4.95,22/06/2022
Cherry,1,24/06/2022
Eggs,3.6,24/06/2022
Bread,2.9,24/06/2022
Peppers,4.2,24/06/2022
Yogurt,3,24/06/2022
Bread,2.9,25/06/2022
Pesto,2.75,25/06/2022
Cream,1.5,25/06/2022
Cherry,1,25/06/2022
Mozzarella,6.45,27/06/2022
Eggs,3.6,27/06/2022
Sausages,2.2,27/06/2022
Cherry Tomatoes,4.95,27/06/2022
Bread,2.9,27/06/2022
Cucumber,1.6,27/06/2022
Yogurt,3,27/06/2022
Pikelet,1,27/06/2022
Cream,1.5,28/06/2022
Pikelet,1,28/06/2022
Water,1.8,29/06/2022
Carbonated Water,1.8,29/06/2022
Sausages,2.2,29/06/2022
Bread,2.9,29/06/2022
Eggs,3.6,29/06/2022
Cherry Tomatoes,4.95,30/06/2022
Cucumber,1.7,30/06/2022
Yogurt,3,30/06/2022
Orange Juice,1.95,30/06/2022
Bread,2.9,30/06/2022
Pesto,2.75,02/07/2022
Cherry Tomatoes,4.95,02/07/2022
Potatoes,4.9,02/07/2022
Cucumber,1.7,02/07/2022
Bread,2.9,02/07/2022
Sausages,2.2,02/07/2022
Eggs,3.6,02/07/2022
Peppers,4.8,02/07/2022
Yogurt,3,02/07/2022
Cucumber,1.7,04/07/2022
Bread,2.9,04/07/2022
Sausages,2.2,04/07/2022
Orange Juice,1.95,04/07/2022
Cherry,1,04/07/2022
Cream,1.5,04/07/2022
Yogurt,3,04/07/2022
Yogurt,3,07/07/2022
Cherry,1,07/07/2022
Mozzarella,2.15,07/07/2022
Meat,11.9,07/07/2022
Sausages,2.2,07/07/2022
Salami,3.3,07/07/2022
Mozzarella,2.15,08/07/2022
Yogurt,3,08/07/2022
Orange Juice,1.95,08/07/2022
Bread,2.9,08/07/2022
Carbonated Water,1.8,08/07/2022
Cream,1.5,09/07/2022
Pesto,2.75,09/07/2022
Mozzarella,2.15,09/07/2022
Cherry,1,09/07/2022
Cherry Tomatoes,5.5,09/07/2022
Sausages,2.2,09/07/2022
Cherry Tomatoes,5.5,11/07/2022
Bread,2.9,11/07/2022
Salami,3.3,11/07/2022
Pesto,2.75,11/07/2022
Mozzarella,2.15,11/07/2022
Carbonated Water,1.8,12/07/2022
Water,1.8,12/07/2022
Avocados,1.55,12/07/2022
Bread,2.9,13/07/2022
Sausages,2.2,13/07/2022
Pesto,2.75,13/07/2022
Eggs,3.6,13/07/2022
Yogurt,3,13/07/2022
Mozzarella,2.15,13/07/2022
Cucumber,1.7,15/07/2022
Bread,2.9,15/07/2022
Mozzarella,2.15,15/07/2022
Water,1.8,16/07/2022
Pikelet,1,16/07/2022
Bread,2.9,16/07/2022
Salami,3.3,16/07/2022
Mozzarella,2.15,16/07/2022
Cream,1.5,16/07/2022
Yogurt,3,16/07/2022
Cherry Tomatoes,5.5,16/07/2022
Cherry,1,16/07/2022
Mozzarella,2.15,18/07/2022
Eggs,3.6,18/07/2022
Cherry,1,18/07/2022
Cream,1.5,18/07/2022
Yogurt,3,18/07/2022
Bread,2.9,18/07/2022
Mozzarella,2.15,19/07/2022
Bread,2.9,19/07/2022
Pesto,2.75,19/07/2022
Cherry Tomatoes,5.5,22/07/2022
Bananas,1.4,22/07/2022
Bread,2.9,22/07/2022
Pesto,2.75,22/07/2022
Cherry,1,22/07/2022
Cream,1.5,22/07/2022
Yogurt,3,22/07/2022
Mozzarella,2.15,22/07/2022
Cherry,1,23/07/2022
Cucumber,1.7,23/07/2022
Bread,2.9,23/07/2022
Eggs,3.6,23/07/2022
Mozzarella,2.15,23/07/2022
Cream,1.5,23/07/2022
Carbonated Water,1.8,23/07/2022
Water,1.8,23/07/2022
Bread,2.9,25/07/2022
Cherry Tomatoes,4.95,25/07/2022
Pesto,2.75,25/07/2022
Cherry,1,25/07/2022
Cream,1.5,25/07/2022
Cucumber,1.7,25/07/2022
Apples,4.5,25/07/2022
Croissant,1,26/07/2022
Bun,1,27/07/2022
Mozzarella,2.15,27/07/2022
Cream,1.5,27/07/2022
Peppers,4.2,27/07/2022
Eggs,3.6,27/07/2022
Mozzarella,2.15,28/07/2022
Pesto,2.75,28/07/2022
Yogurt,3,28/07/2022
Bread,2.9,28/07/2022
Orange Juice,1.95,28/07/2022
Cherry Tomatoes,4.95,28/07/2022
Cream,1.5,30/07/2022
Yogurt,3,30/07/2022
Mozzarella,2.15,30/07/2022
Cherry,1,30/07/2022
Cherry Tomatoes,4.95,30/07/2022
Bread,2.9,30/07/2022
Pesto,2.75,30/07/2022
Bread,2.9,02/08/2022
Pesto,2.75,02/08/2022
Eggs,3.6,02/08/2022
Cream,1.5,02/08/2022
Cucumber,1.65,03/08/2022
Cream,1.5,03/08/2022
Bread,2.9,04/08/2022
Orange Juice,1.95,04/08/2022
Cherry,1,04/08/2022
Mozzarella,2.15,04/08/2022
Bread,2.9,06/08/2022
Mozzarella,2.15,06/08/2022
Pesto,2.75,06/08/2022
Eggs,3.6,06/08/2022
Yogurt,3.1,06/08/2022
Cherry,1,06/08/2022
Cream,1.5,06/08/2022
Carbonated Water,1.8,06/08/2022
Water,1.8,06/08/2022
Yogurt,3.1,06/08/2022
Cherry Tomatoes,4.95,06/08/2022
Mozzarella,6,08/08/2022
Cucumber,1.65,08/08/2022
Bread,2.9,08/08/2022
Sausages,2.2,08/08/2022
Croissant,1,08/08/2022
Cherry Tomatoes,4.95,09/08/2022
Bun,1,09/08/2022
Bread,2.9,10/08/2022
Croissant,1,10/08/2022
Cucumber,1.7,11/08/2022
Apples,4.5,12/08/2022
Salami,3.3,12/08/2022
Eggs,3.6,12/08/2022
Cherry,1,12/08/2022
Cream,1.5,12/08/2022
Cream,1.5,16/08/2022
Cucumber,1.7,16/08/2022
Sausages,2.2,16/08/2022
Pesto,2.75,16/08/2022
Mozzarella,2.2,16/08/2022
Bread,2.9,16/08/2022
Cherry Tomatoes,4.95,16/08/2022
Cherry Tomatoes,4.95,18/08/2022
Cucumber,1.7,18/08/2022
Bread,2.9,18/08/2022
Eggs,3.6,18/08/2022
Mozzarella,2.2,18/08/2022
Cherry,1,18/08/2022
Cream,1.5,18/08/2022
Clementines,3.95,18/08/2022
Carbonated Water,1.8,20/08/2022
Cherry,1,20/08/2022
Yogurt,3.1,20/08/2022
Bread,2.9,20/08/2022
Sausages,2.2,20/08/2022
Water,1.8,20/08/2022
Cherry,1,22/08/2022
Cream,1.5,22/08/2022
Bread,2.9,22/08/2022
Pesto,2.75,22/08/2022
Grapes,2.55,22/08/2022
Strawberries,3.95,22/08/2022
Eggs,3.6,22/08/2022
Bread,2.9,24/08/2022
Sausages,2.2,24/08/2022
Meat,11.9,24/08/2022
Yogurt,3.1,24/08/2022
Cheese,3.6,25/08/2022
Pikelet,1,25/08/2022
Croissant,1,25/08/2022
Apples,4.5,25/08/2022
Cherry,1,26/08/2022
Eggs,3.6,26/08/2022
Bread,2.9,27/08/2022
Cherry,1,27/08/2022
Carbonated Water,1.8,27/08/2022
Water,1.8,27/08/2022
Yogurt,3.1,27/08/2022
Bread,2.9,30/08/2022
Cherry Tomatoes,4.95,30/08/2022
Pesto,2.75,30/08/2022
Mozzarella,2.2,30/08/2022
Yogurt,3.1,30/08/2022
Cherry,1,30/08/2022
Pikelet,1,30/08/2022
Salami,3.3,30/08/2022
Cucumber,1.7,01/09/2022
Bread,2.9,01/09/2022
Yogurt,3.1,01/09/2022
Mozzarella,2.2,01/09/2022
Cherry Tomatoes,4.95,03/09/2022
Bread,2.9,03/09/2022
Salami,3.3,03/09/2022
Orange Juice,1.95,03/09/2022
Eggs,3.6,03/09/2022
Mozzarella,2.2,03/09/2022
Cherry,1,03/09/2022
Carbonated Water,1.8,03/09/2022
Water,1.8,03/09/2022
Cucumber,1.7,06/09/2022
Bread,2.9,06/09/2022
Yogurt,3.1,06/09/2022
Mozzarella,2.2,06/09/2022
Cherry,1,06/09/2022
Pesto,2.75,06/09/2022
Salami,3.3,06/09/2022
Apples,4.5,06/09/2022
Clementines,3.3,08/09/2022
Pikelet,1,08/09/2022
Bread,2.9,08/09/2022
Pesto,2.75,08/09/2022
Orange Juice,1.95,08/09/2022
Mozzarella,2.2,08/09/2022
Cherry,1,08/09/2022
Yogurt,3.1,08/09/2022
Cherry Tomatoes,4.95,08/09/2022
Carbonated Water,1.8,10/09/2022
Salami,3.3,10/09/2022
Sausages,2.2,10/09/2022
Bread,2.9,10/09/2022
Avocados,1.55,10/09/2022
Grapes,2.4,10/09/2022
Yogurt,3.1,10/09/2022
Apples,4.5,10/09/2022
Cherry,1,10/09/2022
Water,1.8,12/09/2022
Mozzarella,2.2,12/09/2022
Eggs,3.6,12/09/2022
Pesto,2.75,12/09/2022
Croissant,1,12/09/2022
Bread,2.9,12/09/2022
Cherry Tomatoes,4.95,12/09/2022
Bread,2.9,15/09/2022
Grapes,2.4,15/09/2022
Bread,2.9,16/09/2022
Eggs,3.6,16/09/2022
Cherry,1,16/09/2022
Water,1.8,16/09/2022
Carbonated Water,1.8,16/09/2022
Sausages,2.2,16/09/2022
Cherry Tomatoes,4.95,17/09/2022
Cream,1.5,20/09/2022
Cherry,1,20/09/2022
Pesto,2.75,20/09/2022
Potatoes,4.2,20/09/2022
Bread,2.9,20/09/2022
Cucumber,1.7,20/09/2022
Apples,4.5,20/09/2022
Salami,3.3,20/09/2022
Cherry Tomatoes,4.95,20/09/2022
Pikelet,1,21/09/2022
Bread,2.9,21/09/2022
Grapes,2.4,23/09/2022
Cherry Tomatoes,4.95,23/09/2022
Cucumber,1.7,23/09/2022
Bread,2.9,23/09/2022
Croissant,1,23/09/2022
Orange Juice,1.95,23/09/2022
Mozzarella,2.2,23/09/2022
Cherry,1,23/09/2022
Pikelet,1,23/09/2022
Water,1.8,24/09/2022
Croissant,1,24/09/2022
Beef,38,24/09/2022
Sausages,2.2,24/09/2022
Salami,3.3,24/09/2022
Carbonated Water,1.8,24/09/2022
Cherry Tomatoes,4.95,26/09/2022
Potatoes,4.2,26/09/2022
Bread,2.9,26/09/2022
Pikelet,1,26/09/2022
Pesto,2.75,26/09/2022
Mozzarella,2.2,26/09/2022
Cherry,1,26/09/2022
Apples,4.5,28/09/2022
Bread,2.9,28/09/2022
Pikelet,1,28/09/2022
Beef,38,28/09/2022
Water,1.8,30/09/2022
Clementines,3.3,30/09/2022
Carbonated Water,1.8,30/09/2022
Apples,4.5,30/09/2022
Eggs,3.6,30/09/2022
Pesto,2.75,30/09/2022
Mozzarella,2.2,30/09/2022
Sausages,2.2,30/09/2022
Bread,2.9,30/09/2022
Cucumber,1.5,30/09/2022
Salami,3.3,30/09/2022
Pikelet,1,01/10/2022
Cherry,1,01/10/2022
Yogurt,3.1,01/10/2022
Bread,2.9,01/10/2022
Mozzarella,2.2,04/10/2022
Yogurt,3.1,04/10/2022
Salami,6.9,04/10/2022
Cherry Tomatoes,3.6,04/10/2022
Bread,2.9,04/10/2022
Apples,3.5,04/10/2022
Meat,11.9,04/10/2022
Clementines,3.3,06/10/2022
Bread,2.9,06/10/2022
Sausages,2.2,06/10/2022
Pesto,2.75,06/10/2022
Mozzarella,2.2,06/10/2022
Water,1.8,06/10/2022
Carbonated Water,1.8,06/10/2022
Cream,1.5,07/10/2022
Orange Juice,1.95,07/10/2022
Bread,2.9,07/10/2022
Pikelet,1,07/10/2022
Eggs,3.6,10/10/2022
Grapes,2.4,10/10/2022
Bananas,1.4,10/10/2022
Apples,4.5,10/10/2022
Cherry Tomatoes,3.6,10/10/2022
Potatoes,4.2,10/10/2022
Bread,2.9,10/10/2022
Orange Juice,1.95,10/10/2022
Salami,3.3,10/10/2022
Yogurt,3.1,10/10/2022
Clementines,5.4,10/10/2022
Sausages,2.2,17/10/2022
Cherry Tomatoes,3.6,17/10/2022
Bread,2.9,17/10/2022
Salami,3.3,17/10/2022
Pesto,2.75,17/10/2022
Mozzarella,2.2,17/10/2022
Cucumber,1.4,17/10/2022
Bananas,1.4,18/10/2022
Apples,3.15,18/10/2022
Bread,2.9,18/10/2022
Yogurt,3.1,18/10/2022
Carbonated Water,1.8,18/10/2022
Water,1.8,18/10/2022
Eggs,3.6,18/10/2022
Bun,1,21/10/2022
Cherry,1,21/10/2022
Bread,2.9,22/10/2022
Mozzarella,2.2,22/10/2022
Pesto,2.75,24/10/2022
Mozzarella,2.2,24/10/2022
Beef,38,24/10/2022
Bread,2.9,24/10/2022
Butter,0.6,24/10/2022
Pikelet,1,24/10/2022
Cherry Tomatoes,3.6,24/10/2022
Croissant,1,24/10/2022
Apples,4.5,25/10/2022
Potatoes,4.2,25/10/2022
Cucumber,1.4,25/10/2022
Bread,2.9,25/10/2022
Croissant,1,25/10/2022
Mozzarella,2.2,25/10/2022
Carbonated Water,1.8,26/10/2022
Bread,2.9,26/10/2022
Butter,0.6,26/10/2022
Water,1.8,26/10/2022
Bread,2.9,28/10/2022
Pikelet,1,28/10/2022
Eggs,3.6,28/10/2022
Grapes,2.2,29/10/2022
Cherry Tomatoes,3.5,29/10/2022
Apples,4.5,29/10/2022
Bread,2.9,29/10/2022
Sausages,2.2,29/10/2022
Salami,3.3,29/10/2022
Orange Juice,1.95,29/10/2022
Pesto,2.75,29/10/2022
Mozzarella,2.2,29/10/2022
Mozzarella,2.2,31/10/2022
Croissant,1,31/10/2022
Bread,2.9,31/10/2022
Orange Juice,1.95,31/10/2022
Butter,0.6,02/11/2022
Bun,1,02/11/2022
Cherry Tomatoes,3.5,02/11/2022
Mozzarella,2.2,02/11/2022
Yogurt,3.1,02/11/2022
Bread,2.9,03/11/2022
Pikelet,1,03/11/2022
Pesto,2.75,03/11/2022
Carbonated Water,1.8,03/11/2022
Water,1.8,03/11/2022
Croissant,1,04/11/2022
Sausages,2.2,04/11/2022
Salami,3.3,05/11/2022
Potatoes,3.9,05/11/2022
Cherry Tomatoes,3.5,05/11/2022
Bread,2.9,05/11/2022
Pesto,2.75,05/11/2022
Eggs,3.6,05/11/2022
Mozzarella,2.2,05/11/2022
Peppers,1.9,05/11/2022
Mozzarella,2.2,07/11/2022
Salami,3.3,07/11/2022
Croissant,1,07/11/2022
Butter,0.6,07/11/2022
Meat,11.9,07/11/2022
Bread,2.9,07/11/2022
Cherry Tomatoes,3.5,07/11/2022
Apples,4.5,07/11/2022
Peppers,1.9,07/11/2022
Sausages,2.2,07/11/2022
Bananas,1.4,09/11/2022
Apples,4.5,09/11/2022
Cucumber,1.3,09/11/2022
Cherry Tomatoes,3.3,09/11/2022
Bread,2.9,09/11/2022
Pesto,2.75,09/11/2022
Yogurt,3.1,09/11/2022
Butter,1,09/11/2022
Mozzarella,2.2,09/11/2022
Salami,3.3,10/11/2022
Bread,2.9,10/11/2022
Croissant,1,10/11/2022
Bread,2.9,12/11/2022
Sausages,2.2,12/11/2022
Salami,3.3,12/11/2022
Pesto,2.75,12/11/2022
Eggs,4.2,12/11/2022
Mozzarella,2.2,12/11/2022
Water,1.8,12/11/2022
Carbonated Water,1.8,12/11/2022
Cherry Tomatoes,3.3,14/11/2022
Cheese,4.45,14/11/2022
Pesto,2.75,14/11/2022
Pikelet,1,14/11/2022
Apples,4.5,14/11/2022
Bread,2.9,14/11/2022
Clementines,3.2,14/11/2022
Butter,0.6,14/11/2022
Bread,2.9,16/11/2022
Butter,0.6,16/11/2022
Cucumber,1.4,16/11/2022
Clementines,5.2,16/11/2022
Cherry Tomatoes,2.95,16/11/2022
Orange Juice,1.95,16/11/2022
Sausages,2.2,16/11/2022
Bread,2.9,18/11/2022
Mozzarella,2.2,18/11/2022
Carbonated Water,1.8,19/11/2022
Water,1.8,19/11/2022
Cream,1.5,19/11/2022
Yogurt,3.1,19/11/2022
Mozzarella,2.2,19/11/2022
Eggs,4.2,19/11/2022
Potatoes,3.9,19/11/2022
Bread,2.9,19/11/2022
Cheese,4.45,21/11/2022
Mozzarella,2.2,21/11/2022
Yogurt,3.1,21/11/2022
Ham,3.7,21/11/2022
Bread,2.9,21/11/2022
Butter,0.6,21/11/2022
Pikelet,1,21/11/2022
Croissant,1,21/11/2022
Pesto,2.75,23/11/2022
Water,1.8,23/11/2022
Yogurt,3.1,23/11/2022
Sausages,2.2,23/11/2022
Cherry Tomatoes,2.2,23/11/2022
Butter,0.6,23/11/2022
Bread,2.9,23/11/2022
Apples,4.5,23/11/2022
Croissant,1,23/11/2022
Mozzarella,2.2,25/11/2022
Ham,3.7,25/11/2022
Bread,2.9,25/11/2022
Cherry Tomatoes,2.2,25/11/2022
Cucumber,1.3,25/11/2022
Potatoes,3.9,25/11/2022
Bananas,1.4,25/11/2022
Peppers,3.75,25/11/2022
Salami,3.3,28/11/2022
Cheese,4.45,28/11/2022
Mozzarella,2.2,28/11/2022
Eggs,4.2,28/11/2022
Ham,3.7,28/11/2022
Cherry Tomatoes,2.2,28/11/2022
Butter,0.6,28/11/2022
Pikelet,1,28/11/2022
Bread,2.9,28/11/2022
Croissant,1,28/11/2022
Cucumber,1.3,28/11/2022
Mozzarella,2.2,29/11/2022
Bread,2.9,29/11/2022
Carbonated Water,1.8,29/11/2022
Apples,3.6,29/11/2022
Water,1.8,29/11/2022
Peppers,3.75,29/11/2022
Bread,2.9,01/12/2022
Ham,3.7,01/12/2022
Pesto,2.75,01/12/2022
Cucumber,1.3,02/12/2022
Croissant,1,02/12/2022
Bread,2.9,02/12/2022
Orange Juice,1.95,02/12/2022
Beef,38,02/12/2022
Sausages,2.2,02/12/2022
Mozzarella,2.2,02/12/2022
Cheese,4.45,02/12/2022
Salami,3.3,02/12/2022
Avocados,1.55,05/12/2022
Apples,4.5,05/12/2022
Pikelet,1,05/12/2022
Butter,0.6,05/12/2022
Croissant,1,05/12/2022
Meat,11.9,05/12/2022
Pesto,2.75,05/12/2022
Carbonated Water,1.8,05/12/2022
Cherry Tomatoes,2.2,05/12/2022
Bread,2.9,06/12/2022
Beef,38,06/12/2022
Mozzarella,2.2,06/12/2022
Cheese,4.45,06/12/2022
Croissant,1,06/12/2022
Potatoes,4.3,08/12/2022
Avocados,1.55,08/12/2022
Bread,2.9,08/12/2022
Water,1.8,08/12/2022
Orange Juice,1.95,09/12/2022
Bread,2.9,09/12/2022
Mozzarella,2.2,09/12/2022
Pesto,2.75,09/12/2022
Cherry Tomatoes,2.2,09/12/2022
Peppers,3.75,09/12/2022
Avocados,1.55,09/12/2022
Butter,0.6,12/12/2022
Meat,11.9,12/12/2022
Croissant,1,12/12/2022
Mozzarella,2.2,12/12/2022
Cucumber,1.2,12/12/2022
Cherry Tomatoes,2.2,12/12/2022
Avocados,1.55,12/12/2022
Bread,2.9,12/12/2022
Cheese,4.45,12/12/2022
Sausages,2.2,12/12/2022
Pikelet,1,13/12/2022
Apples,4.5,13/12/2022
Bread,2.9,13/12/2022
Avocados,1.55,13/12/2022
Croissant,1,14/12/2022
Water,1.8,14/12/2022
Carbonated Water,1.8,14/12/2022
Avocados,1.55,15/12/2022
Cherry Tomatoes,2.2,15/12/2022
Bread,2.9,15/12/2022
Cheese,4.45,17/12/2022
Cherry Tomatoes,2.2,17/12/2022
Potatoes,4.3,17/12/2022
Cucumber,1.2,17/12/2022
Bread,2.9,17/12/2022
Pesto,2.75,17/12/2022
Water,1.8,17/12/2022
Carbonated Water,1.8,17/12/2022
Avocados,1.55,20/12/2022
Cucumber,1.2,20/12/2022
Bread,2.9,20/12/2022
Croissant,1,20/12/2022
Pikelet,1,20/12/2022
Sausages,2.2,20/12/2022
Mozzarella,2.2,20/12/2022
Water,1.8,20/12/2022
Water,1.8,24/12/2022
Carbonated Water,1.8,24/12/2022
Pesto,2.75,24/12/2022
Cheese,4.45,24/12/2022
Orange Juice,1.95,24/12/2022
Cream,1.5,24/12/2022
Butter,0.65,24/12/2022
Apples,4.5,24/12/2022
Avocados,1.55,24/12/2022
Cherry Tomatoes,2.2,24/12/2022
Peppers,3.75,24/12/2022
Cucumber,1.2,24/12/2022
Bread,2.9,24/12/2022
Mozzarella,2.2,27/12/2022
Avocados,1.55,27/12/2022
Cherry Tomatoes,1.7,27/12/2022
Bread,2.9,27/12/2022
Orange Juice,1.95,27/12/2022
Water,1.8,30/12/2022
Carbonated Water,1.8,30/12/2022
Mozzarella,2.25,30/12/2022
Pesto,2.75,30/12/2022
Cherry Tomatoes,2,30/12/2022
Bread,3.2,30/12/2022
Apples,4.5,30/12/2022
Strawberries,3.95,30/12/2022
Orange Juice,1.95,30/12/2022
Strawberries,3.95,31/12/2022
Cherry Tomatoes,2,31/12/2022
Bread,3.2,31/12/2022
Cherry Tomatoes,2,02/01/2023
Strawberries,3.95,02/01/2023
Bread,3.2,02/01/2023
Avocados,1.55,02/01/2023
Avocados,1.55,04/01/2023
Cucumber,1.2,04/01/2023
Bread,3.2,04/01/2023
Mozzarella,2.25,04/01/2023
Bread,3.2,06/01/2023
Apples,4.5,06/01/2023
Avocados,1.55,06/01/2023
Cherry Tomatoes,2,06/01/2023
Croissant,1.1,06/01/2023
Sausages,2.2,06/01/2023
Pesto,2.7,06/01/2023
Mozzarella,2.25,06/01/2023
Cheese,4.5,06/01/2023
Avocados,1.55,09/01/2023
Cucumber,1.2,09/01/2023
Bread,3.2,09/01/2023
Pikelet,1,09/01/2023
Sausages,2.2,09/01/2023
Croissant,1.1,09/01/2023
Butter,0.8,09/01/2023
Mozzarella,2.25,09/01/2023
Water,1.95,09/01/2023
Sausages,2.2,11/01/2023
Mozzarella,2.25,11/01/2023
Yogurt,3.2,11/01/2023
Bread,3.2,11/01/2023
Apples,4.5,11/01/2023
Potatoes,3.7,11/01/2023
Carbonated Water,1.95,11/01/2023
Avocados,1.55,11/01/2023
Butter,0.8,11/01/2023
Cherry Tomatoes,2,11/01/2023
Pesto,2.7,12/01/2023
Bread,3.2,12/01/2023
Apples,4.5,14/01/2023
Cherry Tomatoes,2,14/01/2023
Bread,3.2,14/01/2023
Meat,11.9,14/01/2023
Mozzarella,2.25,14/01/2023
Cheese,4.5,14/01/2023
Yogurt,3.2,14/01/2023
Yogurt,3.2,17/01/2023
Cheese,4.5,17/01/2023
Bread,3.2,17/01/2023
Cherry Tomatoes,2,17/01/2023
Pesto,2.7,17/01/2023
Bread,3.2,19/01/2023
Yogurt,3.2,19/01/2023
Cheese,4.5,21/01/2023
Carbonated Water,1.95,21/01/2023
Yogurt,3.2,21/01/2023
Bread,3.2,21/01/2023
Salami,3.3,21/01/2023
Cherry Tomatoes,2,21/01/2023
Bananas,2.5,21/01/2023
Pesto,2.7,21/01/2023
Water,1.95,27/01/2023
Bananas,1.5,27/01/2023
Cherry Tomatoes,2,27/01/2023
Bread,3.2,27/01/2023
Sausages,2.2,27/01/2023
Salami,3.3,27/01/2023
Pesto,2.7,27/01/2023
Carbonated Water,1.95,27/01/2023
Yogurt,3.2,27/01/2023
Bread,3.2,28/01/2023
Pesto,2.7,30/01/2023
Bananas,1.5,30/01/2023
Cherry Tomatoes,2,30/01/2023
Cucumber,1.2,30/01/2023
Bread,3.2,30/01/2023
Butter,0.8,30/01/2023
Cheese,4.55,30/01/2023
Apples,4.5,30/01/2023
Cherry Tomatoes,2,01/02/2023
Bread,3.2,01/02/2023
Butter,0.8,01/02/2023
Mozzarella,2.25,01/02/2023
Yogurt,3.2,01/02/2023
Bananas,2.5,02/02/2023
Cherry Tomatoes,2,02/02/2023
Avocados,1.7,02/02/2023
Bread,3.2,03/02/2023
Sausages,2.2,03/02/2023
Pikelet,1,03/02/2023
Salami,3.3,03/02/2023
Pesto,2.7,03/02/2023
Mozzarella,2.25,03/02/2023
Water,1.95,11/02/2023
Yogurt,3.2,11/02/2023
Mozzarella,2.4,11/02/2023
Orange Juice,1.95,11/02/2023
Salami,3.5,11/02/2023
Cucumber,1.3,11/02/2023
Croissant,1.1,11/02/2023
Bread,3.2,11/02/2023
Peppers,4.7,11/02/2023
Bananas,2.5,11/02/2023
Strawberries,3,11/02/2023
Sausages,2.2,11/02/2023
Pesto,2.7,13/02/2023
Peppers,4.7,13/02/2023
Bread,3.2,13/02/2023
Cherry Tomatoes,2.5,13/02/2023
Avocados,1.7,13/02/2023
Potatoes,1,13/02/2023
Cherry Tomatoes,2.5,16/02/2023
Carbonated Water,1.95,16/02/2023
Cucumber,1.5,16/02/2023
Bread,3.2,16/02/2023
Pesto,2.7,16/02/2023
Mozzarella,2.4,16/02/2023
Water,1.95,16/02/2023
Peppers,5.5,16/02/2023
Yogurt,3.2,18/02/2023
Mozzarella,2.4,18/02/2023
Sausages,2.2,18/02/2023
Bread,3.2,18/02/2023
Bananas,1.5,18/02/2023
Strawberries,3.95,18/02/2023
Salami,3.5,22/02/2023
Water,1.95,22/02/2023
Carbonated Water,1.95,22/02/2023
Cherry,1.05,22/02/2023
Pesto,2.7,22/02/2023
Sausages,2.2,22/02/2023
Mozzarella,2.4,22/02/2023
Bread,3.2,22/02/2023
Cucumber,1.5,22/02/2023
Potatoes,3.7,22/02/2023
Bananas,1.5,22/02/2023
Strawberries,3.95,22/02/2023
Butter,0.8,22/02/2023
Mozzarella,2.4,23/02/2023
Strawberries,3.95,23/02/2023
Strawberries,3.95,25/02/2023
Cherry Tomatoes,2.9,25/02/2023
Bread,3.2,25/02/2023
Mozzarella,2.4,25/02/2023
Cream,1.6,25/02/2023
Yogurt,3.2,27/02/2023
Cream,1.6,27/02/2023
Mozzarella,2.4,27/02/2023
Bread,3.2,27/02/2023
Butter,0.8,27/02/2023
Bananas,1.5,27/02/2023
Pesto,2.7,27/02/2023
Cream,1.6,28/02/2023
Pikelet,1,28/02/2023
Croissant,1.1,28/02/2023
Bread,2.95,28/02/2023
Sausages,2.2,02/03/2023
Carbonated Water,1.95,02/03/2023
Water,1.95,02/03/2023
Mozzarella,2.4,02/03/2023
Berries Yogurt,1.8,02/03/2023
Orange Juice,1.95,02/03/2023
Bread,2.95,02/03/2023
Pikelet,1,02/03/2023
Peppers,5.8,02/03/2023
Cherry Tomatoes,2.9,02/03/2023
Strawberries,3.95,02/03/2023
Salami,10.5,02/03/2023
Pesto,2.7,06/03/2023
Bread,2.95,06/03/2023
Mozzarella,2.4,06/03/2023
Bananas,1.5,06/03/2023
Strawberries,3.95,06/03/2023
Cherry Tomatoes,2.9,06/03/2023
Yogurt,3.2,06/03/2023
Butter,0.75,06/03/2023
Bananas,1.5,11/03/2023
Strawberries,3.5,11/03/2023
Peppers,5.2,11/03/2023
Bread,2.95,11/03/2023
Sausages,2.2,11/03/2023
Cherry Tomatoes,2.9,11/03/2023
Meat,11.9,11/03/2023
Orange Juice,1.95,11/03/2023
Pesto,2.7,11/03/2023
Mozzarella,2.4,11/03/2023
Water,1.95,11/03/2023
Carbonated Water,1.95,11/03/2023
Cream,1.6,13/03/2023
Pesto,2.7,13/03/2023
Butter,0.8,13/03/2023
Cucumber,1.6,13/03/2023
Potatoes,3.7,13/03/2023
Bread,2.95,13/03/2023
Bread,2.95,14/03/2023
Ham,3.7,14/03/2023
Mozzarella,2.4,14/03/2023
Berries Yogurt,1.8,14/03/2023
Cream,1.6,14/03/2023
Cherry Tomatoes,2.9,15/03/2023
Butter,0.8,15/03/2023
Bread,2.95,15/03/2023
Cheese,4.55,15/03/2023
Pesto,2.7,16/03/2023
Yogurt,3.2,16/03/2023
Cucumber,1.7,16/03/2023
Bread,2.95,16/03/2023
Cream,1.6,16/03/2023
Croissant,1.1,17/03/2023
Bread,2.95,17/03/2023
Bananas,1.5,18/03/2023
Bread,2.95,18/03/2023
Croissant,1.1,18/03/2023
Sausages,2.2,18/03/2023
Mozzarella,2.4,18/03/2023
Berries Yogurt,1.8,18/03/2023
Water,1.95,18/03/2023
Carbonated Water,1.95,18/03/2023
Pesto,2.7,21/03/2023
Mozzarella,2.4,21/03/2023
Cream,1.6,21/03/2023
Cheese,4.55,21/03/2023
Philadelphia,4.1,21/03/2023
Philadelphia,2.8,21/03/2023
Salami,3.5,21/03/2023
Ham,3.7,21/03/2023
Strawberries,2.5,21/03/2023
Bananas,1.5,21/03/2023
Cherry Tomatoes,2.5,21/03/2023
Cucumber,1.4,21/03/2023
Bread,2.95,21/03/2023
Butter,0.8,22/03/2023
Cream,1.6,22/03/2023
Mozzarella,2.4,22/03/2023
Strawberries,7,22/03/2023
Bread,2.95,22/03/2023
Cheese,4.55,24/03/2023
Bananas,1.5,24/03/2023
Cherry Tomatoes,2.5,24/03/2023
Bread,2.95,24/03/2023
Croissant,1.1,24/03/2023
Orange Juice,1.95,24/03/2023
Carbonated Water,1.8,24/03/2023
Berries Yogurt,1.8,24/03/2023
Cream,1.6,25/03/2023
Strawberries,3.5,25/03/2023
Bread,2.95,25/03/2023
Ham,3.7,25/03/2023
Mozzarella,2.4,25/03/2023
Grapes,2.95,25/03/2023
Yogurt,3.2,25/03/2023
Philadelphia,2.8,27/03/2023
Philadelphia,4.1,27/03/2023
Mozzarella,2.4,27/03/2023
Pesto,2.7,27/03/2023
Butter,0.8,27/03/2023
Bun,1.1,27/03/2023
Bread,2.95,27/03/2023
Cherry Tomatoes,2.5,27/03/2023
Croissant,1.1,27/03/2023
Mozzarella,2.4,28/03/2023
Avocados,1.65,28/03/2023
Bread,2.95,28/03/2023
Bananas,1.5,28/03/2023
Strawberries,3.3,28/03/2023
Bananas,1.5,28/03/2023
Carbonated Water,1.8,01/04/2023
Water,1.8,01/04/2023
Yogurt,3.2,01/04/2023
Cheese,4.55,01/04/2023
Pesto,2.7,01/04/2023
Mozzarella,2.4,01/04/2023
Ham,3.7,01/04/2023
Bread,2.95,01/04/2023
Cherry Tomatoes,2.5,01/04/2023
Bananas,1.5,01/04/2023
Strawberries,3.3,01/04/2023
Orange Juice,1.95,01/04/2023
Mozzarella,2.4,04/04/2023
Cucumber,1.3,04/04/2023
Bread,2.95,04/04/2023
Croissant,1.1,04/04/2023
Potatoes,3.7,04/04/2023
Pesto,2.7,04/04/2023
Berries Yogurt,1.8,04/04/2023
Apples,4.5,04/04/2023
Grapes,2.85,04/04/2023
Cherry Tomatoes,2.95,04/04/2023
Cherry Tomatoes,2.95,06/04/2023
Cucumber,1.3,06/04/2023
Bread,2.95,06/04/2023
Salami,3.5,06/04/2023
Pesto,2.7,06/04/2023
Berries Yogurt,1.8,06/04/2023
Water,1.8,06/04/2023
Bananas,1.5,06/04/2023
Carbonated Water,1.8,06/04/2023
Mozzarella,2.4,08/04/2023
Cherry Tomatoes,2.95,08/04/2023
Bananas,1.5,08/04/2023
Cream,1.6,08/04/2023
Pesto,2.7,08/04/2023
Bun,1.1,08/04/2023
Bananas,2.5,11/04/2023
Cherry Tomatoes,2.95,11/04/2023
Sausages,2.2,11/04/2023
Pesto,2.7,11/04/2023
Berries Yogurt,1.8,11/04/2023
Cheese,4.55,11/04/2023
Yogurt,3.2,11/04/2023
Bread,2.95,12/04/2023
Orange Juice,1.95,13/04/2023
Carbonated Water,1.8,13/04/2023
Water,1.8,13/04/2023
Cherry Tomatoes,2.95,13/04/2023
Grapes,2.85,13/04/2023
Bread,2.95,13/04/2023
Salami,3.5,13/04/2023
Carbonated Water,1.8,24/04/2023
Cherry Tomatoes,2.55,24/04/2023
Bananas,1.5,24/04/2023
Ham,3.7,24/04/2023
Boiled Eggs,3.6,24/04/2023
Cream,1.6,24/04/2023
Mozzarella,2.4,24/04/2023
Water,1.8,24/04/2023
Berries Yogurt,1.8,24/04/2023
Meat,11.9,24/04/2023
Sausages,2.2,24/04/2023
Bread,2.95,24/04/2023
Cucumber,1.3,24/04/2023
Pesto,2.7,24/04/2023
Cucumber,1.75,26/04/2023
Ham,3.7,26/04/2023
Cream,1.6,26/04/2023
Berries Yogurt,1.8,27/04/2023
Yogurt,3.2,27/04/2023
Mozzarella,2.4,27/04/2023
Bananas,1,27/04/2023
Meat,11.9,27/04/2023
Bread,2.95,27/04/2023
Cherry Tomatoes,3.5,27/04/2023
Salami,3.5,27/04/2023
Potatoes,3.7,29/04/2023
Bread,2.95,29/04/2023
Orange Juice,1.95,29/04/2023
Sausages,2.2,29/04/2023
Peppers,6.5,29/04/2023
Cherry Tomatoes,3.5,29/04/2023
Yogurt,3.2,29/04/2023
Cream,1.6,29/04/2023
Grapes,2.55,01/05/2023
Yogurt,3.2,01/05/2023
Cream,1.6,01/05/2023
Carbonated Water,1.8,02/05/2023
Water,1.8,02/05/2023
Mozzarella,2.4,02/05/2023
Pesto,2.7,02/05/2023
Salami,10.5,02/05/2023
Orange Juice,1.95,02/05/2023
Meat,11.9,02/05/2023
Bread,2.95,02/05/2023
Cherry Tomatoes,3.95,02/05/2023
Apples,4.5,02/05/2023
Avocados,1.65,02/05/2023
Yogurt,3.2,04/05/2023
Berries Yogurt,1.8,04/05/2023
Avocados,1.65,04/05/2023
Cherry Tomatoes,3.95,04/05/2023
Bananas,1.5,04/05/2023
Bread,2.95,04/05/2023
Bananas,1.5,06/05/2023
Cucumber,1.75,06/05/2023
Bread,2.95,06/05/2023
Pesto,2.7,06/05/2023
Mozzarella,2.4,06/05/2023
Cream,1.6,06/05/2023
Yogurt,3.2,06/05/2023
Water,1.8,06/05/2023
Carbonated Water,1.8,06/05/2023
Berries Yogurt,1.8,09/05/2023
Boiled Eggs,3.6,09/05/2023
Mozzarella,2.4,09/05/2023
Bread,2.95,09/05/2023
Avocados,1.65,09/05/2023
Pesto,2.7,09/05/2023
Cherry Tomatoes,2.55,09/05/2023
Apples,4.5,13/05/2023
Cherry Tomatoes,3.95,13/05/2023
Peppers,4.95,13/05/2023
Bread,2.95,13/05/2023
Pikelet,1,13/05/2023
Water,1.8,13/05/2023
Orange Juice,1.95,13/05/2023
Pesto,2.7,13/05/2023
Mozzarella,2.4,13/05/2023
Cherry,1.05,13/05/2023
Cream,1.6,13/05/2023
Yogurt,3.2,13/05/2023
Carbonated Water,1.8,13/05/2023
Meat,11.9,13/05/2023
Avocados,1.65,13/05/2023
Bananas,1.5,13/05/2023
Bread,2.95,17/05/2023
Sausages,2.2,17/05/2023
Ham,3.7,17/05/2023
Meat,11.9,17/05/2023
Orange Juice,1.95,17/05/2023
Salami,3.5,17/05/2023
Pesto,2.7,17/05/2023
Mozzarella,2.4,17/05/2023
Yogurt,3.2,17/05/2023
Cheese,4.55,17/05/2023
Cream,1.6,17/05/2023
Carbonated Water,1.8,17/05/2023
Water,1.8,17/05/2023
Bananas,1.5,17/05/2023
Avocados,1.65,17/05/2023
Boiled Eggs,3.6,17/05/2023
Cherry Tomatoes,3.95,22/05/2023
Yogurt,3.2,22/05/2023
Mozzarella,2.4,22/05/2023
Bread,2.95,22/05/2023
Butter,0.8,22/05/2023
Pesto,2.7,22/05/2023
Bananas,2.5,24/05/2023
Bananas,1.5,24/05/2023
Cherry Tomatoes,3.95,24/05/2023
Sausages,2.2,24/05/2023
Cucumber,1.95,24/05/2023
Mozzarella,2.4,24/05/2023
Pesto,2.7,24/05/2023
Bread,2.95,24/05/2023
Peppers,4.95,27/05/2023
Bananas,2.5,27/05/2023
Cherry Tomatoes,3.95,27/05/2023
Strawberries,3.25,27/05/2023
Sausages,2.2,27/05/2023
Meat,11.9,27/05/2023
Salami,3.5,27/05/2023
Pesto,2.7,27/05/2023
Mozzarella,2.4,27/05/2023
Berries Yogurt,1.8,27/05/2023
Cream,1.6,27/05/2023
Ham,3.7,27/05/2023
Cucumber,1.95,27/05/2023
Strawberries,6.5,30/05/2023
Potatoes,4.8,30/05/2023
Cherry Tomatoes,3.95,30/05/2023
Bananas,2.5,30/05/2023
Bread,2.95,30/05/2023
Ham,3.7,30/05/2023
Pesto,2.7,30/05/2023
Mozzarella,2.4,30/05/2023
Bread,2.95,01/06/2023
Mozzarella,2.4,01/06/2023
Sausages,2.2,01/06/2023
Ham,3.7,01/06/2023
Meat,11.9,01/06/2023
Strawberries,6.5,01/06/2023
Avocados,1.65,01/06/2023
Bananas,1.5,01/06/2023
Cheese,4.55,01/06/2023
Cream,1.6,01/06/2023
Water,1.8,01/06/2023
Cherry Tomatoes,3.95,01/06/2023
Pikelet,1,01/06/2023
Avocados,1.65,03/06/2023
Bananas,2.5,03/06/2023
Bread,2.95,03/06/2023
Peppers,5.4,03/06/2023
Sausages,2.2,03/06/2023
Orange Juice,1.95,03/06/2023
Mozzarella,2.4,03/06/2023
Bread,2.95,05/06/2023
Butter,0.75,05/06/2023
Boiled Eggs,3.6,05/06/2023
Yogurt,3.2,05/06/2023
Pesto,2.7,05/06/2023
Salami,3.5,07/06/2023
Cream,1.6,07/06/2023
Bread,2.95,07/06/2023
Bananas,2.5,07/06/2023
Avocados,1.6,07/06/2023
Cherry Tomatoes,2.75,07/06/2023
Orange Juice,1.95,09/06/2023
Pesto,2.7,10/06/2023
Eggs,4.25,10/06/2023
Cream,1.6,10/06/2023
Mozzarella,2.4,10/06/2023
Bread,2.95,10/06/2023
Avocados,1.6,10/06/2023
Carbonated Water,1.8,10/06/2023
Cucumber,1.95,10/06/2023
Cherry Tomatoes,3.65,10/06/2023
Apples,4.5,10/06/2023
Sausages,2.2,13/06/2023
Water,1.8,13/06/2023
Pesto,2.7,13/06/2023
Peppers,4.2,13/06/2023
Grapes,2.35,13/06/2023
Cucumber,1.95,13/06/2023
Bread,2.95,13/06/2023
Mozzarella,2.35,13/06/2023
Cream,1.6,13/06/2023
Cherry Tomatoes,4.75,13/06/2023
Potatoes,4.8,16/06/2023
Cherry Tomatoes,4.75,16/06/2023
Bananas,2.5,16/06/2023
Orange Juice,1.95,16/06/2023
Bread,2.95,16/06/2023
Cucumber,1.95,16/06/2023
Peppers,4.2,16/06/2023
Meat,11.9,16/06/2023
Cheese,4.55,16/06/2023
Berries Yogurt,1.8,16/06/2023
Pesto,2.7,16/06/2023
Mozzarella,2.35,16/06/2023
Cherry Tomatoes,4.95,20/06/2023
Bananas,1.25,20/06/2023
Bread,2.95,20/06/2023
Mozzarella,2.35,20/06/2023
Sausages,2.2,20/06/2023
Berries Yogurt,1.8,20/06/2023
Cream,1.6,20/06/2023
Boiled Eggs,3.6,20/06/2023
Ham,3.7,20/06/2023
Pesto,2.7,20/06/2023
Water,1.8,20/06/2023
Carbonated Water,1.8,20/06/2023
Bread,2.95,22/06/2023
Bananas,2.5,22/06/2023
Pesto,2.7,22/06/2023
Mozzarella,2.35,22/06/2023
Yogurt,3.2,26/06/2023
Berries Yogurt,1.8,26/06/2023
Mozzarella,2.35,26/06/2023
Salami,3.5,26/06/2023
Cherry Tomatoes,4.95,26/06/2023
Bananas,1.5,27/06/2023
Grapes,2.35,27/06/2023
Bun,1.1,27/06/2023
Butter,0.75,27/06/2023
Cherry Tomatoes,4.95,28/06/2023
Sausages,2.2,28/06/2023
Sausages,2.2,28/06/2023
Sausages,2.2,28/06/2023
Mozzarella,2.35,28/06/2023
Cream,1.6,28/06/2023
Bananas,2.5,28/06/2023
Pesto,2.7,28/06/2023
Water,1.8,29/06/2023
Carbonated Water,1.8,29/06/2023
Avocados,1.6,29/06/2023
Orange Juice,1.95,29/06/2023
Mozzarella,2.35,29/06/2023
Bread,2.95,29/06/2023
Potatoes,4.95,29/06/2023
Pesto,2.7,01/07/2023
Yogurt,3.2,01/07/2023
Mozzarella,2.35,01/07/2023
Bananas,1.5,01/07/2023
Cherry Tomatoes,4.95,01/07/2023
Cheese,4.55,03/07/2023
Grapes,2.35,03/07/2023
Mozzarella,2.35,03/07/2023
Avocados,1.6,04/07/2023
Cherry Tomatoes,4.95,04/07/2023
Bananas,1.5,04/07/2023
Salami,3.5,04/07/2023
Carbonated Water,1.8,05/07/2023
Pikelet,1,05/07/2023
Mozzarella,2.35,05/07/2023
Berries Yogurt,1.8,05/07/2023
Boiled Eggs,3.6,05/07/2023
Pesto,2.7,05/07/2023
Water,1.8,05/07/2023
Yogurt,3.2,08/07/2023
Cream,1.6,08/07/2023
Eggs,4.25,08/07/2023
Avocados,1.6,08/07/2023
Salami,3.5,08/07/2023
Bananas,1.5,08/07/2023
Potatoes,4.95,08/07/2023
Sausages,2.2,08/07/2023
Avocados,1.6,10/07/2023
Philadelphia,4.4,10/07/2023
Orange Juice,1.95,10/07/2023
Salami,3.5,10/07/2023
Carbonated Water,1.8,11/07/2023
Water,1.8,11/07/2023
Orange Juice,1.95,13/07/2023
Boiled Eggs,3.6,13/07/2023
Bananas,2.5,13/07/2023
Sausages,2.2,13/07/2023
Grapes,2.35,15/07/2023
Bananas,2.5,15/07/2023
Orange Juice,1.95,15/07/2023
Salami,3.5,15/07/2023
Carbonated Water,1.8,24/07/2023
Water,1.8,24/07/2023
Cream,1.6,24/07/2023
Meat,11.9,24/07/2023
Orange Juice,1.95,24/07/2023
Avocados,1.6,24/07/2023
Cheese,4.55,24/07/2023
Bananas,2.5,25/07/2023
Avocados,1.6,25/07/2023
Philadelphia,4.1,25/07/2023
Cucumber,1.9,25/07/2023
Potatoes,4.85,26/07/2023
Peppers,3.8,26/07/2023
Avocados,1.6,26/07/2023
Sausages,2.2,26/07/2023
Beef,38,26/07/2023
Cream,1.6,26/07/2023
Sausages,2.2,28/07/2023
Cherry Tomatoes,4.95,28/07/2023
Boiled Eggs,3.6,28/07/2023
Cream,1.6,29/07/2023
Yogurt,3.2,29/07/2023
Eggs,4.25,29/07/2023
Peppers,3.8,31/07/2023
Avocados,1.6,31/07/2023
Bananas,1.5,31/07/2023
Beef,38,31/07/2023
Ham,3.7,31/07/2023
Philadelphia,4.1,31/07/2023
Meat,11.9,02/08/2023
Avocados,1.6,02/08/2023
Cucumber,1.75,02/08/2023
Cucumber,1.75,05/08/2023
Beef,38,05/08/2023
Philadelphia,4.1,05/08/2023
Berries Yogurt,1.8,05/08/2023
Cream,1.6,07/08/2023
Orange Juice,1.95,07/08/2023
Bananas,2.5,07/08/2023
Cherry Tomatoes,4.95,07/08/2023
Peppers,3.8,07/08/2023
Potatoes,4.85,07/08/2023
Avocados,1.6,07/08/2023
Water,1.8,08/08/2023
Carbonated Water,1.8,08/08/2023
Cheese,4.55,08/08/2023
Boiled Eggs,3.6,08/08/2023
Cucumber,1.75,09/08/2023
Beef,38,10/08/2023
Cream,1.6,10/08/2023
Boiled Eggs,3.6,10/08/2023
Eggs,4.25,10/08/2023
Cherry Tomatoes,4.95,12/08/2023
Ham,3.7,12/08/2023
Salami,3.5,12/08/2023
Cream,1.6,12/08/2023
Bananas,2.5,12/08/2023
Cucumber,1.75,12/08/2023
Orange Juice,1.95,14/08/2023
Meat,11.9,14/08/2023
Salami,3.5,14/08/2023
Philadelphia,4.1,14/08/2023
Bananas,1.5,16/08/2023
Eggs,4.25,16/08/2023
Orange Juice,1.95,17/08/2023
Ham,3.7,18/08/2023
Bananas,1.5,18/08/2023
Bun,1.1,18/08/2023
Butter,0.7,18/08/2023
Beef,38,18/08/2023
Cherry Tomatoes,4.95,19/08/2023
Bun,1.1,19/08/2023
Avocados,1.6,19/08/2023
Salami,3.5,19/08/2023
Cheese,4.55,19/08/2023
Grapes,2.45,21/08/2023
Butter,0.7,21/08/2023
Sausages,2.2,22/08/2023
Eggs,4.25,22/08/2023
Bananas,2.5,22/08/2023
Peppers,3.7,22/08/2023
Cream,1.6,22/08/2023
Water,1.8,22/08/2023
Carbonated Water,1.8,22/08/2023
Beef,38,22/08/2023
Philadelphia,4.1,22/08/2023
Bananas,2.5,24/08/2023
Beef,38,24/08/2023
Yogurt,3.2,24/08/2023
Bun,1.1,24/08/2023
Cucumber,1.75,26/08/2023
Orange Juice,1.95,26/08/2023
Bananas,2.5,26/08/2023
Beef,38,26/08/2023
Boiled Eggs,3.6,26/08/2023
Water,1.8,26/08/2023
Carbonated Water,1.8,26/08/2023
Grapes,2.45,26/08/2023
Bun,1.1,26/08/2023
Philadelphia,4.1,28/08/2023
Butter,0.7,28/08/2023
Ham,3.7,28/08/2023
Cream,1.6,28/08/2023
Sausages,2.2,28/08/2023
Salami,3.5,28/08/2023
Croissant,1.1,28/08/2023
Water,1.8,30/08/2023
Cheese,4.55,30/08/2023
Beef,38,30/08/2023
Butter,0.7,30/08/2023
Croissant,1.1,30/08/2023
Grapes,2.45,30/08/2023
Cucumber,1.75,30/08/2023
Cherry Tomatoes,4.95,30/08/2023
Bananas,2.5,30/08/2023
Carbonated Water,1.8,30/08/2023
Bun,1.1,30/08/2023
Bun,1.1,01/09/2023
Carbonated Water,1.8,02/09/2023
Cream,1.6,02/09/2023
Philadelphia,4.1,02/09/2023
Water,1.8,02/09/2023
Beef,38,02/09/2023
Bun,1.1,02/09/2023
Bananas,2.5,02/09/2023
Salami,3.5,02/09/2023
Bananas,2.5,04/09/2023
Sausages,2.2,04/09/2023
Butter,0.7,04/09/2023
Beef,38,04/09/2023
Bun,1.1,06/09/2023
Avocados,1.6,06/09/2023
Bananas,2.5,06/09/2023
Cherry Tomatoes,3.95,06/09/2023
Clementines,3.1,06/09/2023
Cucumber,1.75,06/09/2023
Croissant,1.1,06/09/2023
Peppers,3.5,06/09/2023
Meat,11.9,06/09/2023
Cream,1.6,06/09/2023
Beef,38,06/09/2023
Boiled Eggs,3.6,06/09/2023
Clementines,3.1,09/09/2023
Peppers,3.5,09/09/2023
Orange Juice,1.95,09/09/2023
Bun,1.1,09/09/2023
Philadelphia,4.1,09/09/2023
Salami,3.5,09/09/2023
Beef,38,09/09/2023
Yogurt,3.2,09/09/2023
Water,1.8,09/09/2023
Carbonated Water,1.8,09/09/2023
Cheese,4.55,09/09/2023
Grapes,2.35,11/09/2023
Beef,38,12/09/2023
Clementines,2.75,12/09/2023
Bananas,2.5,12/09/2023
Avocados,1.6,12/09/2023
Bun,1.1,12/09/2023
Clementines,2.75,13/09/2023
Bun,1.1,13/09/2023
Salami,10.5,13/09/2023
Philadelphia,4.1,13/09/2023
Water,1.8,13/09/2023
Carbonated Water,1.8,13/09/2023
Carbonated Water,1.8,16/09/2023
Yogurt,3.2,16/09/2023
Meat,11.9,16/09/2023
Bun,1.1,16/09/2023
Beef,38,16/09/2023
Sausages,2.2,16/09/2023
Bananas,2.5,16/09/2023
Beef,38,16/09/2023
Water,1.8,16/09/2023
Avocados,1.6,16/09/2023
Clementines,2.75,16/09/2023
Berries Yogurt,1.8,18/09/2023
Bun,1.1,18/09/2023
Beef,38,18/09/2023
Boiled Eggs,3.6,18/09/2023
Philadelphia,4.1,18/09/2023
Sausages,2.2,18/09/2023
Peppers,3.5,18/09/2023
Clementines,2.75,20/09/2023
Apples,4.5,20/09/2023
Bananas,2.5,20/09/2023
Cherry Tomatoes,4.95,20/09/2023
Olives,4.5,20/09/2023
Bun,1.1,20/09/2023
Beef,38,20/09/2023
Meat,11.9,20/09/2023
Philadelphia,4.1,20/09/2023
Cucumber,1.75,20/09/2023
Berries Yogurt,1.8,23/09/2023
Bananas,2.5,23/09/2023
Olives,4.5,23/09/2023
Cheese,4.55,23/09/2023
Bun,1.1,23/09/2023
Beef,38,23/09/2023
Orange Juice,1.95,23/09/2023
Clementines,2.75,23/09/2023
Apples,4.5,23/09/2023
Potatoes,3.9,23/09/2023
Philadelphia,4.1,23/09/2023
Beef,38,23/09/2023
Apples,4.5,25/09/2023
Salami,3.5,25/09/2023
Beef,38,26/09/2023
Philadelphia,4.1,26/09/2023
Beef,38,26/09/2023
Sausages,2.2,26/09/2023
Meat,11.9,26/09/2023
Salami,3.5,26/09/2023
Bun,1.1,26/09/2023
Apples,4.5,28/09/2023
Bananas,2.5,28/09/2023
Bun,1.1,28/09/2023
Olives,4.5,28/09/2023
Eggs,4.25,28/09/2023
Cream,1.6,28/09/2023
Water,1.8,30/09/2023
Carbonated Water,1.8,30/09/2023
Cream,1.6,30/09/2023
Boiled Eggs,3.6,30/09/2023
Beef,38,30/09/2023
Beef,38,30/09/2023
Philadelphia,4.1,30/09/2023
Bun,1.1,30/09/2023
Potatoes,3.9,30/09/2023
Orange Juice,1.95,30/09/2023
Salami,3.5,02/10/2023
Eggs,4.25,02/10/2023
Philadelphia,4.1,02/10/2023
Olives,4.5,02/10/2023
Cream,1.6,02/10/2023
Clementines,4.2,02/10/2023
Bun,1.1,02/10/2023
Bananas,2.5,02/10/2023
Grapes,2.35,02/10/2023
Sausages,2.2,02/10/2023
Beef,38,05/10/2023
Cheese,4.55,05/10/2023
Berries Yogurt,1.8,05/10/2023
Apples,4.5,05/10/2023
Bread,2.95,05/10/2023
Carbonated Water,1.8,07/10/2023
Water,1.8,07/10/2023
Olives,4.5,07/10/2023
Berries Yogurt,1.8,07/10/2023
Meat,11.9,07/10/2023
Sausages,2.2,07/10/2023
Bun,1.1,07/10/2023
Bananas,2.5,07/10/2023
Berries Yogurt,1.8,16/10/2023
Bananas,2.5,16/10/2023
Water,1.8,16/10/2023
Carbonated Water,1.8,16/10/2023
Yogurt,3.2,16/10/2023
Eggs,4.25,16/10/2023
Philadelphia,4.1,16/10/2023
Avocados,1.6,16/10/2023
Beef,38,16/10/2023
Bread,2.95,16/10/2023
Olives,4.5,16/10/2023
Cucumber,1.4,16/10/2023
Peppers,3.1,16/10/2023
Beef,38,16/10/2023
Grapes,2.35,17/10/2023
Olives,4.5,17/10/2023
Bun,1.1,17/10/2023
Orange Juice,1.95,17/10/2023
Beef,38,19/10/2023
Bananas,2.5,19/10/2023
Olives,4.5,19/10/2023
Grapes,2.35,19/10/2023
Cucumber,1.2,19/10/2023
Sausages,2.2,21/10/2023
Potatoes,3.9,21/10/2023
Bun,1.1,21/10/2023
Philadelphia,4.1,21/10/2023
Yogurt,3.2,21/10/2023
Bananas,2.5,21/10/2023
Olives,4.5,21/10/2023
Cherry Tomatoes,4.45,21/10/2023
Philadelphia,4.1,23/10/2023
Beef,38,23/10/2023
Ham,3.7,23/10/2023
Bun,1.1,23/10/2023
Cream,1.6,23/10/2023
Cherry Tomatoes,4.45,23/10/2023
Cucumber,1.2,23/10/2023
Olives,4.5,23/10/2023
Peppers,3.1,23/10/2023
Grapes,2.35,23/10/2023
Clementines,5.95,26/10/2023
Cherry Tomatoes,4.45,28/10/2023
Butter,0.7,30/10/2023
Grapes,2.35,30/10/2023
Bananas,1.5,30/10/2023
Berries Yogurt,1.8,30/10/2023
Grapes,2.35,02/11/2023
Olives,4.5,02/11/2023
Cucumber,1.1,02/11/2023
Cherry Tomatoes,3.9,02/11/2023
Avocados,1.6,02/11/2023
Bananas,2.5,02/11/2023
Bun,1.1,02/11/2023
Beef,38,02/11/2023
Ham,3.7,02/11/2023
Berries Yogurt,1.8,02/11/2023
Carbonated Water,1.8,02/11/2023
Water,1.8,02/11/2023
Cheese,4.55,02/11/2023
Eggs,4.25,03/11/2023
Bread,2.95,03/11/2023
Orange Juice,1.95,04/11/2023
Boiled Eggs,3.6,04/11/2023
Philadelphia,4.1,04/11/2023
Beef,38,04/11/2023
Beef,38,04/11/2023
Cream,1.6,04/11/2023
Olives,4.5,04/11/2023
Cucumber,1.1,04/11/2023
Apples,4.5,04/11/2023
Ham,3.7,04/11/2023
Bun,1.1,04/11/2023
Salami,3.5,04/11/2023
Bananas,2.5,04/11/2023
Potatoes,1,06/11/2023
Olives,4.5,06/11/2023
Avocados,1.6,06/11/2023
Bun,1.1,06/11/2023
Cheese,4.55,06/11/2023
Berries Yogurt,1.8,06/11/2023
Yogurt,3.2,06/11/2023
Beef,38,08/11/2023
Bun,1.1,08/11/2023
Peppers,1.8,08/11/2023
Olives,4.5,08/11/2023
Bananas,2.5,08/11/2023
Philadelphia,4.1,09/11/2023
Bun,1.1,09/11/2023
Eggs,4.25,09/11/2023
Potatoes,3.95,09/11/2023
Clementines,3.5,09/11/2023
Pikelet,1,09/11/2023
Cucumber,1.25,11/11/2023
Bananas,2.5,11/11/2023
Olives,4.5,11/11/2023
Philadelphia,4.1,11/11/2023
Yogurt,3.2,11/11/2023
Ham,3.7,11/11/2023
Salami,3.5,11/11/2023
Bun,1.1,11/11/2023
Avocados,1.6,11/11/2023
Philadelphia,4.1,13/11/2023
Bun,1.1,13/11/2023
Clementines,3.5,13/11/2023
Berries Yogurt,1.8,13/11/2023
Bananas,2.5,14/11/2023
Olives,4.5,14/11/2023
Bread,2.95,14/11/2023
Eggs,4.25,14/11/2023
Cheese,4.55,14/11/2023
Water,1.8,14/11/2023
Carbonated Water,1.8,14/11/2023
Bun,1.1,16/11/2023
Olives,4.5,16/11/2023
Cucumber,1.25,17/11/2023
Orange Juice,1.95,17/11/2023
Sausages,2.2,17/11/2023
Cream,1.6,17/11/2023
Yogurt,3.2,18/11/2023
Boiled Eggs,3.6,18/11/2023
Berries Yogurt,1.8,18/11/2023
Cheese,4.55,18/11/2023
Peppers,4.1,18/11/2023
Olives,4.5,18/11/2023
Clementines,2.95,18/11/2023
Philadelphia,4.1,18/11/2023
Cherry Tomatoes,3.65,20/11/2023
Bun,1.1,20/11/2023
Salami,3.5,20/11/2023
Sausages,2.2,20/11/2023
Philadelphia,4.1,20/11/2023
Philadelphia,4.1,22/11/2023
Yogurt,3.2,22/11/2023
Berries Yogurt,1.8,22/11/2023
Bananas,2.5,22/11/2023
Carbonated Water,1.8,22/11/2023
Bread,2.95,22/11/2023
Olives,4.5,22/11/2023
Meat,11.9,22/11/2023
Water,1.8,22/11/2023
Sausages,2.2,22/11/2023
Bun,1.1,25/11/2023
Eggs,4.25,25/11/2023
Eggs,4.25,25/11/2023
Cream,1.6,25/11/2023
Yogurt,3.2,25/11/2023
Meat,11.9,25/11/2023
Water,1.8,25/11/2023
Carbonated Water,1.8,25/11/2023
Avocados,1.6,27/11/2023
Bananas,2.5,27/11/2023
Sausages,2.2,27/11/2023
Bun,1.1,27/11/2023
Berries Yogurt,1.8,27/11/2023
Grapes,2.95,27/11/2023
Cucumber,1.25,27/11/2023
Clementines,2.95,27/11/2023
Apples,4.5,30/11/2023
Grapes,2.95,30/11/2023
Peppers,3.1,30/11/2023
Cherry Tomatoes,2.2,30/11/2023
Cucumber,1.25,30/11/2023
Bun,1.1,30/11/2023
Salami,10.5,30/11/2023
Sausages,2.2,30/11/2023
Beef,38,30/11/2023
Meat,11.9,30/11/2023
Boiled Eggs,3.6,30/11/2023
Philadelphia,4.1,30/11/2023
Ham,3.7,02/12/2023
Olives,4.5,02/12/2023
Clementines,2.55,02/12/2023
Beef,38,02/12/2023
Clementines,2.55,04/12/2023
Olives,4.5,04/12/2023
Cucumber,1.25,04/12/2023
Avocados,1.6,04/12/2023
Bananas,2.5,04/12/2023
Bun,1.1,04/12/2023
Beef,38,04/12/2023
Cream,1.6,04/12/2023
Clementines,2.55,07/12/2023
Bun,1.1,07/12/2023
Salami,8.4,07/12/2023
Eggs,4.25,08/12/2023
Boiled Eggs,3.6,08/12/2023
Water,1.8,08/12/2023
Philadelphia,4.1,08/12/2023
Yogurt,3.2,08/12/2023
Cheese,4.55,08/12/2023
Meat,11.9,08/12/2023
Bananas,2.5,08/12/2023
Beef,38,08/12/2023
Olives,4.5,08/12/2023
Bun,1.1,08/12/2023
Apples,4.5,08/12/2023
Grapes,2.95,08/12/2023
Sausages,2.2,08/12/2023
Carbonated Water,1.8,08/12/2023
Orange Juice,1.95,08/12/2023
Ham,3.7,09/12/2023
Bun,1.1,09/12/2023
Eggs,4.25,09/12/2023
Olives,4.5,11/12/2023
Bun,1.1,11/12/2023
Beef,38,11/12/2023
Philadelphia,4.1,12/12/2023
Carbonated Water,1.8,12/12/2023
Water,1.8,12/12/2023
Eggs,4.25,12/12/2023
Bananas,2.5,12/12/2023
Cucumber,1,12/12/2023
Bun,1.1,12/12/2023
Boiled Eggs,3.6,12/12/2023
Avocados,1.6,12/12/2023
Grapes,2.95,12/12/2023
Clementines,2.55,12/12/2023
Philadelphia,4.1,14/12/2023
Beef,38,14/12/2023
Bun,1.1,14/12/2023
Avocados,1.6,14/12/2023
Olives,4.5,14/12/2023
Cucumber,1,15/12/2023
Cherry Tomatoes,2.2,15/12/2023
Bananas,2.5,15/12/2023
Boiled Eggs,3.6,17/12/2023
Water,1.8,17/12/2023
Sausages,2.2,17/12/2023
Ham,3.7,17/12/2023
Cucumber,1,17/12/2023
Carbonated Water,1.8,17/12/2023
Olives,4.5,17/12/2023
Apples,4.5,17/12/2023
Bun,1.1,17/12/2023
Clementines,2.55,18/12/2023
Bun,1.1,18/12/2023
Beef,38,18/12/2023
Bun,1.1,19/12/2023
Beef,38,19/12/2023
Grapes,2.95,20/12/2023
Olives,4.5,20/12/2023
Pikelet,1,20/12/2023
Bread,2.95,20/12/2023
Beef,38,20/12/2023
Orange Juice,1.95,20/12/2023
Philadelphia,4.1,20/12/2023
Bun,1.1,21/12/2023
Bananas,2.5,21/12/2023
Clementines,2.55,21/12/2023
Apples,4.5,21/12/2023
Olives,4.5,23/12/2023
Apples,4.5,23/12/2023
Cucumber,1.1,23/12/2023
Water,1.8,23/12/2023
Eggs,4.25,23/12/2023
Philadelphia,4.1,23/12/2023
Beef,38,23/12/2023
Beef,38,23/12/2023
Sausages,2.2,23/12/2023
Bun,1.1,23/12/2023
Avocados,1.6,23/12/2023
Cherry Tomatoes,2.2,23/12/2023
Clementines,2.55,27/12/2023
Cucumber,1,27/12/2023
Water,1.8,27/12/2023
Carbonated Water,1.8,27/12/2023
Olives,4.5,27/12/2023
Yogurt,3.2,27/12/2023
Bun,1.1,27/12/2023
Cream,1.6,27/12/2023
Bun,1.1,28/12/2023
Orange Juice,1.95,28/12/2023
Philadelphia,4.1,28/12/2023
Eggs,4.25,28/12/2023
Clementines,2.55,30/12/2023
Cucumber,1,30/12/2023
Cherry Tomatoes,2.2,30/12/2023
Bananas,2.5,30/12/2023
Ham,3.7,30/12/2023
Beef,38,30/12/2023
Boiled Eggs,3.6,30/12/2023
Beef,38,02/01/2024
Olives,4.5,02/01/2024
Clementines,2.55,02/01/2024
Orange Juice,1.95,03/01/2024
Pikelet,1,03/01/2024
Salami,3.5,03/01/2024
Olives,4.5,04/01/2024
Bun,1.1,04/01/2024
Beef,38,06/01/2024
Clementines,2.55,06/01/2024
Olives,4.5,06/01/2024
Bun,1.1,06/01/2024
Cheese,4.55,06/01/2024
Philadelphia,2.75,06/01/2024
Berries Yogurt,1.8,06/01/2024
Carbonated Water,1.8,06/01/2024
Water,1.8,06/01/2024
Philadelphia,4.1,08/01/2024
Eggs,4.25,08/01/2024
Olives,4.5,08/01/2024
Beef,38,08/01/2024
Cream,1.6,08/01/2024
Bun,1.1,08/01/2024
Grapes,2.95,10/01/2024
Beef,38,10/01/2024
Salami,10.5,10/01/2024
Pikelet,1,10/01/2024
Bun,1.1,10/01/2024
Clementines,2.8,10/01/2024
Bananas,2.5,10/01/2024
Cucumber,1.1,10/01/2024
Olives,4.5,10/01/2024
Butter,0.7,10/01/2024
Clementines,2.8,12/01/2024
Olives,4.5,12/01/2024
Bun,1.1,12/01/2024
Beef,38,12/01/2024
Beef,38,12/01/2024
Philadelphia,4.1,12/01/2024
Cream,1.6,15/01/2024
Cheese,4.55,15/01/2024
Bun,1.1,15/01/2024
Eggs,4.25,15/01/2024
Grapes,2.95,15/01/2024
Olives,4.5,15/01/2024
Clementines,2.8,15/01/2024
Bananas,2.5,15/01/2024
Bananas,2.5,16/01/2024
Apples,4.5,16/01/2024
Bun,1.1,16/01/2024
Boiled Eggs,3.6,16/01/2024
Meat,11.9,16/01/2024
Meat,11.9,16/01/2024
Cream,1.6,18/01/2024
Clementines,2.8,18/01/2024
Bun,1.1,18/01/2024
Philadelphia,5.5,18/01/2024
Clementines,2.8,20/01/2024
Grapes,3.2,20/01/2024
Bun,1.1,20/01/2024
Beef,38,20/01/2024
Salami,3.5,20/01/2024
Water,1.8,20/01/2024
Cheese,4.55,20/01/2024
Eggs,4.25,20/01/2024
Olives,4.5,20/01/2024
Philadelphia,5.5,22/01/2024
Beef,38,22/01/2024
Beef,38,22/01/2024
Salami,8.4,22/01/2024
Cream,1.6,22/01/2024
Bananas,2.5,22/01/2024
Cucumber,1.1,22/01/2024
Apples,4.5,22/01/2024
Clementines,2.8,22/01/2024
Olives,4.5,22/01/2024
Bun,1.1,22/01/2024
Eggs,4.25,24/01/2024
Cream,1.6,24/01/2024
Clementines,2.8,24/01/2024
Bun,1.1,24/01/2024
Bun,1.1,25/01/2024
Eggs,4.25,27/01/2024
Water,1.8,27/01/2024
Carbonated Water,1.8,27/01/2024
Cream,1.6,27/01/2024
Cheese,4.55,27/01/2024
Boiled Eggs,3.6,27/01/2024
Apples,4.5,27/01/2024
Bun,1.1,27/01/2024
Olives,4.5,27/01/2024
Cucumber,1.1,27/01/2024
Avocados,1.6,27/01/2024
Bananas,2.5,27/01/2024
Clementines,5.5,27/01/2024
Ham,3.7,27/01/2024
Cucumber,1.1,29/01/2024
Bun,1.1,29/01/2024
Beef,38,29/01/2024
Philadelphia,4.1,29/01/2024
Cream,1.6,29/01/2024
Water,1.8,30/01/2024
Carbonated Water,1.8,30/01/2024
Bun,1.1,30/01/2024
Olives,4.5,30/01/2024
Grapes,3.2,30/01/2024
Bananas,2.5,30/01/2024
Olives,4.5,01/02/2024
Ham,3.7,01/02/2024
Philadelphia,4.1,01/02/2024
Bananas,2.5,01/02/2024
Bun,1.1,01/02/2024
Salami,3.5,01/02/2024
Cucumber,1.1,02/02/2024
Peppers,3.4,02/02/2024
Orange Juice,1.95,02/02/2024
Cream,1.6,10/02/2024
Cheese,4.55,10/02/2024
Boiled Eggs,3.6,10/02/2024
Meat,11.9,10/02/2024
Beef,38,10/02/2024
Meat,11.9,10/02/2024
Ham,3.7,10/02/2024
Beef,38,10/02/2024
Bun,1.1,10/02/2024
Cucumber,1,10/02/2024
Peppers,3.1,10/02/2024
Bananas,2.5,10/02/2024
Strawberries,5.2,10/02/2024
Bun,1.1,12/02/2024
Cucumber,1,12/02/2024
Cherry Tomatoes,2.2,12/02/2024
Olives,4.5,13/02/2024
Potatoes,1,13/02/2024
Cucumber,1,13/02/2024
Philadelphia,4.1,13/02/2024
Cream,1.6,13/02/2024
Carbonated Water,1.8,13/02/2024
Water,1.8,13/02/2024
Bun,1.1,13/02/2024
Potatoes,1,14/02/2024
Bun,1.1,14/02/2024
Potatoes,1,15/02/2024
Olives,4.5,15/02/2024
Bananas,2.5,15/02/2024
Bun,1.1,15/02/2024
Boiled Eggs,3.6,15/02/2024
Cream,1.6,16/02/2024
Ham,3.7,16/02/2024
Sausages,2.2,16/02/2024
Peppers,3.1,17/02/2024
Bananas,2.5,17/02/2024
Cheese,4.55,17/02/2024
Cream,1.6,17/02/2024
Orange Juice,1.95,17/02/2024
Water,1.8,17/02/2024
Salami,10.5,17/02/2024
Potatoes,1,17/02/2024
Olives,4.5,17/02/2024
Bun,1.1,17/02/2024
Carbonated Water,1.8,17/02/2024
Cucumber,1,19/02/2024
Bun,1.1,19/02/2024
Ham,3.7,19/02/2024
Sausages,2.2,19/02/2024
Cream,1.6,19/02/2024
Cucumber,1,20/02/2024
Carbonated Water,1.8,21/02/2024
Bun,1.1,21/02/2024
Boiled Eggs,3.6,21/02/2024
Olives,4.5,21/02/2024
Salami,3.5,21/02/2024
Peppers,3.1,21/02/2024
Bun,1.1,22/02/2024
Grapes,3.1,24/02/2024
Cherry Tomatoes,2.2,24/02/2024
Cucumber,1,24/02/2024
Bun,1.1,24/02/2024
Sausages,2.2,24/02/2024
Cream,1.6,24/02/2024
Salami,8.4,24/02/2024
Philadelphia,4.1,24/02/2024
Water,1.8,24/02/2024
Carbonated Water,1.8,24/02/2024
Bananas,2.5,24/02/2024
Cheese,4.55,24/02/2024
Grapes,3.1,26/02/2024
Bun,1.1,26/02/2024
Bananas,2.5,26/02/2024
Cream,1.6,26/02/2024
Boiled Eggs,3.6,28/02/2024
Bun,1.1,28/02/2024
Strawberries,3.9,29/02/2024
Cream,1.6,29/02/2024
Grapes,3,29/02/2024
Water,1.8,01/03/2024
Carbonated Water,1.8,01/03/2024
Ham,3.95,02/03/2024
Olives,4.5,02/03/2024
Potatoes,3.7,02/03/2024
Cucumber,1.1,02/03/2024
Bun,1.1,02/03/2024
Butter,0.75,02/03/2024
Cheese,4.55,02/03/2024
Philadelphia,4.1,02/03/2024
Grapes,3,02/03/2024
Cherry Tomatoes,2.2,02/03/2024
Peppers,3.1,02/03/2024
Bananas,1.5,02/03/2024
Butter,0.7,04/03/2024
Olives,4.5,04/03/2024
Bun,1.1,04/03/2024
Philadelphia,4.1,04/03/2024
Cream,1.6,04/03/2024
Olives,4.5,07/03/2024
Butter,0.7,07/03/2024
Bun,1.1,07/03/2024
Bananas,2.5,07/03/2024
Boiled Eggs,3.6,09/03/2024
Apples,4.5,09/03/2024
Meat,11.9,09/03/2024
Grapes,2.95,09/03/2024
Olives,4.5,09/03/2024
Cheese,4.55,09/03/2024
Water,1.8,09/03/2024
Cucumber,1.1,09/03/2024
Bun,1.1,09/03/2024
Philadelphia,4.1,11/03/2024
Bun,1.1,11/03/2024
Peppers,3.1,11/03/2024
Cucumber,1.1,11/03/2024
Cream,1.6,11/03/2024
Strawberries,3.5,12/03/2024
Ham,3.95,12/03/2024
Boiled Eggs,3.6,12/03/2024
Peppers,3.1,14/03/2024
Water,1.8,14/03/2024
Boiled Eggs,3.6,15/03/2024
Cucumber,1.1,15/03/2024
Bun,1.1,15/03/2024
Cream,1.6,16/03/2024
Orange Juice,2.6,16/03/2024
Meat,11.9,16/03/2024
Ham,3.95,16/03/2024
Potatoes,3.85,16/03/2024
Cucumber,1.1,16/03/2024
Carbonated Water,1.8,16/03/2024
Bananas,2.5,16/03/2024
Peppers,3.1,16/03/2024
Water,1.8,16/03/2024
Salami,3.5,16/03/2024
Olives,4.5,18/03/2024
Strawberries,3.5,18/03/2024
Cucumber,1.1,18/03/2024
Cream,1.6,18/03/2024
Bun,1.1,18/03/2024
Philadelphia,4.1,18/03/2024
Bun,1.1,20/03/2024
Cherry,1.05,23/03/2024
Beef,38,23/03/2024
Bun,1.1,23/03/2024
Cucumber,1,23/03/2024
Beef,38,23/03/2024
Peppers,3.1,23/03/2024
Philadelphia,4.1,23/03/2024
Bananas,2.5,23/03/2024
Strawberries,7,23/03/2024
Olives,4.5,23/03/2024
Bun,1.1,25/03/2024
Cucumber,1,25/03/2024
Cream,1.6,25/03/2024
Olives,4.5,26/03/2024
Bun,1.1,26/03/2024
Salami,10.5,26/03/2024
Bun,1.1,27/03/2024
Bananas,2.5,27/03/2024
Peppers,3.1,27/03/2024
Olives,4.5,27/03/2024
Philadelphia,4.1,27/03/2024
Potatoes,3.7,27/03/2024
Cream,1.6,28/03/2024
Water,1.8,28/03/2024
Carbonated Water,1.8,28/03/2024
Strawberries,3.5,30/03/2024
Cucumber,1,30/03/2024
Bun,1.1,30/03/2024
Orange Juice,2.6,30/03/2024
Cream,1.6,30/03/2024
Boiled Eggs,3.6,30/03/2024
Philadelphia,4.1,30/03/2024
Peppers,3.1,30/03/2024
Cucumber,1,02/04/2024
Bananas,2.5,02/04/2024
Olives,4.5,02/04/2024
Cheese,4.55,02/04/2024
Philadelphia,4.1,02/04/2024
Bun,1.1,04/04/2024
Olives,4.5,06/04/2024
Philadelphia,4.1,06/04/2024
Boiled Eggs,3.6,06/04/2024
Water,1.8,06/04/2024
Berries Yogurt,1.8,08/04/2024
Beef,38,08/04/2024
Bun,1.1,08/04/2024
Butter,0.7,08/04/2024
Bananas,2.5,08/04/2024
Salami,7.95,08/04/2024
Philadelphia,4.1,10/04/2024
Pikelet,1,10/04/2024
Butter,0.7,10/04/2024
Cheese,4.55,10/04/2024
Peppers,3.1,10/04/2024
Cucumber,1.3,10/04/2024
Grapes,2.95,10/04/2024
Olives,4.5,10/04/2024
Bun,1.1,10/04/2024
Cherry Tomatoes,3.2,12/04/2024
Strawberries,3.3,12/04/2024
Olives,4.5,12/04/2024
Pesto,2.7,12/04/2024
Mozzarella,2.25,12/04/2024
Potatoes,3.7,12/04/2024
Water,1.8,12/04/2024
Bananas,2.5,12/04/2024
Cherry,1.05,13/04/2024
Cheese,4.55,13/04/2024
Orange Juice,2.6,13/04/2024
Butter,1.2,13/04/2024
Carbonated Water,1.8,13/04/2024
Water,1.8,13/04/2024
Berries Yogurt,1.8,13/04/2024
Mozzarella,2.25,19/04/2024
Philadelphia,4.1,19/04/2024
Bananas,2.5,19/04/2024
Bun,1.1,19/04/2024
Cherry Tomatoes,3.2,19/04/2024
Orange Juice,2.6,19/04/2024
Berries Yogurt,1.8,20/04/2024
Water,1.8,20/04/2024
Mozzarella,2.25,20/04/2024
Cheese,4.55,20/04/2024
Carbonated Water,1.8,20/04/2024
Cream,1.6,20/04/2024
Potatoes,3.7,20/04/2024
Cucumber,1.2,20/04/2024
Cherry Tomatoes,3.2,20/04/2024
Boiled Eggs,3.6,20/04/2024
Bun,1.1,22/04/2024
Pesto,2.7,22/04/2024
Mozzarella,2.25,22/04/2024
Cherry Tomatoes,3.2,22/04/2024
Cucumber,1.2,22/04/2024
Cherry Tomatoes,3.95,24/04/2024
Bun,1.1,24/04/2024
Cheese,4.55,24/04/2024
Bananas,2.5,24/04/2024
Bun,1.1,25/04/2024
Berries Yogurt,1.8,25/04/2024
Mozzarella,2.25,26/04/2024
Pesto,2.7,26/04/2024
Strawberries,3.3,26/04/2024
Boiled Eggs,3.6,27/04/2024
Apples,4.5,27/04/2024
Grapes,2.95,27/04/2024
Cherry Tomatoes,3.95,27/04/2024
Bun,1.1,27/04/2024
Orange Juice,2.6,27/04/2024
Cream,1.6,27/04/2024
Carbonated Water,1.8,27/04/2024
Pesto,2.7,27/04/2024
Water,1.8,27/04/2024
Mozzarella,2.25,27/04/2024
Mozzarella,2.25,29/04/2024
Grapes,2.95,29/04/2024
Cherry Tomatoes,3.95,29/04/2024
Bun,1.1,29/04/2024
Butter,0.7,29/04/2024
Bun,1.1,30/04/2024
Cheese,4.55,30/04/2024
Bananas,2.5,01/05/2024
Bread,2.8,01/05/2024
Pesto,2.7,01/05/2024
Salami,3.5,02/05/2024
Bun,1.1,02/05/2024
Butter,0.7,02/05/2024
Cherry Tomatoes,3.95,02/05/2024
Carbonated Water,1.8,04/05/2024
Water,1.8,04/05/2024
Mozzarella,2.25,04/05/2024
Berries Yogurt,1.8,04/05/2024
Boiled Eggs,3.6,04/05/2024
Potatoes,3.7,04/05/2024
Cucumber,1.2,04/05/2024
Peppers,3.1,04/05/2024
Cherry Tomatoes,3.95,04/05/2024
Bananas,2.5,04/05/2024
Bread,2.8,04/05/2024
Berries Yogurt,1.8,06/05/2024
Mozzarella,2.25,06/05/2024
Pesto,2.7,06/05/2024
Bun,1.1,06/05/2024
Salami,10.5,08/05/2024
Water,1.8,08/05/2024
Carbonated Water,1.8,08/05/2024
Mozzarella,2.25,08/05/2024
Berries Yogurt,1.8,08/05/2024
Cherry,1.05,08/05/2024
Bananas,2.5,08/05/2024
Cucumber,1.4,10/05/2024
Bread,2.8,10/05/2024
Carbonated Water,1.8,10/05/2024
Water,1.8,10/05/2024
Cherry,1.05,10/05/2024
Berries Yogurt,1.8,10/05/2024
Strawberries,3.6,10/05/2024
Cream,1.6,10/05/2024
Orange Juice,2.6,10/05/2024
Cherry Tomatoes,3.95,10/05/2024
Cheese,4.55,10/05/2024
Butter,0.7,13/05/2024
Strawberries,3.6,13/05/2024
Pikelet,1,13/05/2024
Salami,10.5,13/05/2024
Pesto,2.7,13/05/2024
Cherry Tomatoes,3.95,13/05/2024
Bananas,2.5,13/05/2024
Cucumber,1.5,14/05/2024
Boiled Eggs,3.6,14/05/2024
Mozzarella,2.25,16/05/2024
Cherry Tomatoes,3.95,16/05/2024
Bread,2.8,16/05/2024
Berries Yogurt,1.8,16/05/2024
Bananas,2.5,16/05/2024
Grapes,2.95,18/05/2024
Bread,2.8,18/05/2024
Cucumber,1.5,18/05/2024
Potatoes,4.5,18/05/2024
Peppers,4.5,18/05/2024
Cream,1.6,18/05/2024
Mozzarella,2.25,18/05/2024
Carbonated Water,1.8,18/05/2024
Water,1.8,18/05/2024
Mozzarella,2.25,21/05/2024
Berries Yogurt,1.8,21/05/2024
Cherry Tomatoes,3.95,21/05/2024
Pesto,2.7,21/05/2024
Bread,2.8,21/05/2024
Cucumber,1.75,21/05/2024
Boiled Eggs,3.6,21/05/2024
Bananas,2.5,21/05/2024
Grapes,2.95,22/05/2024
Berries Yogurt,1.8,23/05/2024
Bananas,2.5,23/05/2024
Butter,0.7,23/05/2024
Cream,1.6,23/05/2024
Strawberries,6.5,23/05/2024
Pesto,2.7,25/05/2024
Cherry Tomatoes,3.95,25/05/2024
Bread,2.8,25/05/2024
Mozzarella,2.25,25/05/2024
Cherry Tomatoes,3.95,27/05/2024
Mozzarella,2.25,27/05/2024
Butter,0.7,27/05/2024
Pesto,2.7,29/05/2024
Bananas,2.5,29/05/2024
Cherry Tomatoes,3.95,29/05/2024
Bread,2.8,29/05/2024
Pikelet,1,29/05/2024
Water,1.8,29/05/2024
Carbonated Water,1.8,29/05/2024
Cream,1.6,29/05/2024
Orange Juice,2.6,29/05/2024
Cucumber,1.75,29/05/2024
